arm	level	row	child	truth	w_succ	e	dres	p_banked	p_shaped_refit	p_frozen	p_twin	dp_top	dp_lse	dp_marg
s0_so	2	0	0,7	1	0.214844	0.785156	1.535156	0.037932	0.045192	0.056218	0.080736	-0.506059	0.000000	0.000000
s0_so	2	1	1,1	1	0.273438	0.726562	1.824219	0.017952	0.017856	0.027814	0.028588	-0.206203	0.000000	0.000000
s0_so	2	2	1,6	1	0.214844	0.785156	1.824219	0.008724	0.011773	0.029284	0.055146	1.988990	0.000000	0.000000
s0_so	2	3	2,5	1	0.144531	0.855469	1.253906	0.024412	0.022341	0.016798	0.027633	-1.839265	0.000000	0.000000
s0_so	2	4	2,6	1	0.488281	0.511719	1.226562	0.038207	0.046632	0.043966	0.060134	0.341787	0.000000	0.000000
s0_so	2	5	3,0	1	0.152344	0.847656	2.152344	0.019880	0.017367	0.059237	0.041310	1.015117	0.000000	0.000000
s0_so	2	6	3,2	1	0.214844	0.785156	1.816406	0.026043	0.034920	0.065981	0.034516	1.327220	0.000000	0.000000
s0_so	2	7	3,7	0	0.214844	0.785156	1.816406	0.026043	0.034920	0.065981	0.034516	2.192455	0.000000	0.000000
s0_so	2	8	4,1	0	0.000000	1.000000	2.066406	0.017101	0.012363	0.036936	0.026412	-0.067465	0.000000	0.000000
s0_so	2	9	4,6	1	0.011719	0.988281	1.773438	0.010979	0.014026	0.031514	0.035298	2.127728	0.000000	0.000000
s0_so	2	10	5,0	1	0.152344	0.847656	2.203125	0.028399	0.031407	0.046872	0.052422	1.160918	0.000000	0.000000
s0_so	2	11	5,2	1	0.144531	0.855469	1.710938	0.028263	0.028292	0.067118	0.047336	1.473021	0.000000	0.000000
s0_so	2	12	5,7	0	0.144531	0.855469	1.710938	0.028263	0.028292	0.067118	0.047336	2.338256	0.000000	0.000000
s0_so	2	13	6,1	1	0.214844	0.785156	2.335938	0.021625	0.015325	0.049235	0.013195	-0.988922	0.000000	0.000000
s0_so	2	14	7,1	1	0.214844	0.785156	1.574219	0.026459	0.029323	0.028894	0.032039	-0.822503	0.000000	0.000000
s0_so	2	15	7,4	0	0.000000	1.000000	1.312500	0.016431	0.013923	0.056685	0.043460	-0.934236	0.000000	0.000000
s0_so	2	16	7,5	0	0.144531	0.855469	1.253906	0.024412	0.022341	0.016798	0.027633	-0.808363	0.000000	0.000000
s0_so	2	17	7,6	1	0.488281	0.511719	1.226562	0.038207	0.046632	0.043966	0.060134	1.372689	0.000000	0.000000
s0_so	3	0	0,3	1	0.269531	0.730469	1.664062	0.063510	0.086663	0.076877	0.068987	-1.954693	0.000000	0.000000
s0_so	3	1	0,11	1	0.269531	0.730469	1.804688	0.066601	0.084874	0.043212	0.057385	-1.189397	0.000000	0.000000
s0_so	3	2	0,12	0	0.269531	0.730469	1.804688	0.066601	0.084874	0.043212	0.057385	-0.863694	0.000000	0.000000
s0_so	3	3	0,16	0	0.269531	0.730469	1.664062	0.063510	0.086663	0.076877	0.068987	-1.303483	0.000000	0.000000
s0_so	3	4	2,4	0	0.230469	0.769531	2.410156	0.024154	0.031208	0.049426	0.059521	1.496684	0.000000	0.000000
s0_so	3	5	2,17	1	0.230469	0.769531	2.410156	0.024154	0.031208	0.049426	0.059521	2.147894	0.000000	0.000000
s0_so	3	6	7,4	0	0.230469	0.769531	2.496094	0.049048	0.068010	0.093700	0.056257	2.255405	0.000000	0.000000
s0_so	3	7	7,17	0	0.230469	0.769531	2.496094	0.049048	0.068010	0.093700	0.056257	2.906615	0.000000	0.000000
s0_so	3	8	13,4	0	0.230469	0.769531	2.468750	0.021996	0.022911	0.051203	0.031141	-0.283470	0.000000	0.000000
s0_so	3	9	13,17	1	0.230469	0.769531	2.468750	0.021996	0.022911	0.051203	0.031141	0.367740	0.000000	0.000000
s0_so	3	10	14,4	0	0.230469	0.769531	1.894531	0.024936	0.029571	0.058656	0.054172	-0.378628	0.000000	0.000000
s0_so	3	11	14,17	1	0.230469	0.769531	1.894531	0.024936	0.029571	0.058656	0.054172	0.272582	0.000000	0.000000
s0_so	3	12	2,5	0	0.000000	1.000000	3.843750	0.004177	0.004193	0.063815	0.073870	1.584411	0.000000	0.000000
s0_so	3	13	2,10	1	0.230469	0.769531	2.671875	0.007128	0.006137	0.033393	0.065103	1.554169	0.000000	0.000000
s0_so	3	14	7,5	0	0.000000	1.000000	3.218750	0.008587	0.013581	0.116230	0.064070	2.343132	0.000000	0.000000
s0_so	3	15	7,10	0	0.230469	0.769531	2.410156	0.013551	0.014434	0.087471	0.052132	2.312890	0.000000	0.000000
s0_so	3	16	13,5	0	0.000000	1.000000	4.359375	0.008159	0.008834	0.053543	0.042279	-0.195743	0.000000	0.000000
s0_so	3	17	13,10	1	0.230469	0.769531	3.257812	0.022106	0.024343	0.047328	0.037615	-0.225985	0.000000	0.000000
s0_so	3	18	14,5	0	0.000000	1.000000	3.566406	0.004759	0.003957	0.085807	0.060940	-0.290901	0.000000	0.000000
s0_so	3	19	14,10	1	0.230469	0.769531	2.160156	0.028237	0.036416	0.067256	0.053006	-0.321143	0.000000	0.000000
s0_so	3	20	3,2	0	0.000000	1.000000	3.070312	0.005728	0.002582	0.016387	0.054288	0.701479	0.000000	0.000000
s0_so	3	21	3,7	0	0.105469	0.894531	2.839844	0.013834	0.018747	0.034359	0.052925	-0.359146	0.000000	0.000000
s0_so	3	22	3,13	0	0.000000	1.000000	2.988281	0.012856	0.007251	0.018732	0.067032	-0.859763	0.000000	0.000000
s0_so	3	23	3,14	1	0.105469	0.894531	1.960938	0.033980	0.037292	0.035426	0.052475	-0.037193	0.000000	0.000000
s0_so	3	24	11,2	0	0.000000	1.000000	3.000000	0.005016	0.002555	0.015814	0.054220	2.168734	0.000000	0.000000
s0_so	3	25	11,7	0	0.105469	0.894531	2.750000	0.014326	0.013526	0.088827	0.049089	1.108110	0.000000	0.000000
s0_so	3	26	11,13	0	0.000000	1.000000	3.359375	0.003158	0.001173	0.047684	0.070940	0.607493	0.000000	0.000000
s0_so	3	27	11,14	1	0.105469	0.894531	2.234375	0.042336	0.058936	0.060434	0.057215	1.430063	0.000000	0.000000
s0_so	3	28	12,2	0	0.000000	1.000000	3.000000	0.005016	0.002555	0.015814	0.054220	2.372002	0.000000	0.000000
s0_so	3	29	12,7	0	0.105469	0.894531	2.750000	0.014326	0.013526	0.088827	0.049089	1.311378	0.000000	0.000000
s0_so	3	30	12,13	0	0.000000	1.000000	3.359375	0.003158	0.001173	0.047684	0.070940	0.810761	0.000000	0.000000
s0_so	3	31	12,14	0	0.105469	0.894531	2.234375	0.042336	0.058936	0.060434	0.057215	1.633331	0.000000	0.000000
s0_so	3	32	16,2	0	0.000000	1.000000	3.070312	0.005728	0.002582	0.016387	0.054288	1.150240	0.000000	0.000000
s0_so	3	33	16,7	0	0.105469	0.894531	2.839844	0.013834	0.018747	0.034359	0.052925	0.089616	0.000000	0.000000
s0_so	3	34	16,13	0	0.000000	1.000000	2.988281	0.012856	0.007251	0.018732	0.067032	-0.411001	0.000000	0.000000
s0_so	3	35	16,14	0	0.105469	0.894531	1.960938	0.033980	0.037292	0.035426	0.052475	0.411569	0.000000	0.000000
s0_so	3	36	3,3	1	0.222656	0.777344	1.539062	0.021693	0.027221	0.030172	0.061558	-1.480386	0.000000	0.000000
s0_so	3	37	3,11	1	0.222656	0.777344	1.960938	0.049879	0.078858	0.035328	0.050910	-0.715090	0.000000	0.000000
s0_so	3	38	3,12	0	0.222656	0.777344	1.960938	0.049879	0.078858	0.035328	0.050910	-0.389388	0.000000	0.000000
s0_so	3	39	3,16	0	0.222656	0.777344	1.539062	0.021693	0.027221	0.030172	0.061558	-0.829176	0.000000	0.000000
s0_so	3	40	11,3	1	0.222656	0.777344	1.777344	0.032015	0.039258	0.072645	0.071133	-0.013131	0.000000	0.000000
s0_so	3	41	11,11	1	0.222656	0.777344	1.898438	0.054017	0.067303	0.064218	0.049083	0.752165	0.000000	0.000000
s0_so	3	42	11,12	0	0.222656	0.777344	1.898438	0.054017	0.067303	0.064218	0.049083	1.077868	0.000000	0.000000
s0_so	3	43	11,16	0	0.222656	0.777344	1.777344	0.032015	0.039258	0.072645	0.071133	0.638079	0.000000	0.000000
s0_so	3	44	12,3	0	0.222656	0.777344	1.777344	0.032015	0.039258	0.072645	0.071133	0.190137	0.000000	0.000000
s0_so	3	45	12,11	0	0.222656	0.777344	1.898438	0.054017	0.067303	0.064218	0.049083	0.955434	0.000000	0.000000
s0_so	3	46	12,12	0	0.222656	0.777344	1.898438	0.054017	0.067303	0.064218	0.049083	1.281136	0.000000	0.000000
s0_so	3	47	12,16	0	0.222656	0.777344	1.777344	0.032015	0.039258	0.072645	0.071133	0.841347	0.000000	0.000000
s0_so	3	48	16,3	0	0.222656	0.777344	1.539062	0.021693	0.027221	0.030172	0.061558	-1.031625	0.000000	0.000000
s0_so	3	49	16,11	0	0.222656	0.777344	1.960938	0.049879	0.078858	0.035328	0.050910	-0.266329	0.000000	0.000000
s0_so	3	50	16,12	0	0.222656	0.777344	1.960938	0.049879	0.078858	0.035328	0.050910	0.059374	0.000000	0.000000
s0_so	3	51	16,16	0	0.222656	0.777344	1.539062	0.021693	0.027221	0.030172	0.061558	-0.380415	0.000000	0.000000
s0_so	3	52	4,3	1	0.269531	0.730469	1.531250	0.076660	0.104430	0.088794	0.081266	-1.346496	0.000000	0.000000
s0_so	3	53	4,11	1	0.269531	0.730469	2.007812	0.053126	0.080806	0.074539	0.072916	-0.581199	0.000000	0.000000
s0_so	3	54	4,12	0	0.269531	0.730469	2.007812	0.053126	0.080806	0.074539	0.072916	-0.255497	0.000000	0.000000
s0_so	3	55	4,16	0	0.269531	0.730469	1.531250	0.076660	0.104430	0.088794	0.081266	-0.695286	0.000000	0.000000
s0_so	3	56	17,3	0	0.269531	0.730469	1.531250	0.076660	0.104430	0.088794	0.081266	-0.897734	0.000000	0.000000
s0_so	3	57	17,11	0	0.269531	0.730469	2.007812	0.053126	0.080806	0.074539	0.072916	-0.132438	0.000000	0.000000
s0_so	3	58	17,12	0	0.269531	0.730469	2.007812	0.053126	0.080806	0.074539	0.072916	0.193265	0.000000	0.000000
s0_so	3	59	17,16	0	0.269531	0.730469	1.531250	0.076660	0.104430	0.088794	0.081266	-0.246524	0.000000	0.000000
s0_so	3	60	4,4	0	0.421875	0.578125	1.542969	0.066217	0.086735	0.108880	0.082197	0.850930	0.000000	0.000000
s0_so	3	61	4,17	0	0.421875	0.578125	1.542969	0.066217	0.086735	0.108880	0.082197	1.502140	0.000000	0.000000
s0_so	3	62	17,4	0	0.421875	0.578125	1.542969	0.066217	0.086735	0.108880	0.082197	1.299692	0.000000	0.000000
s0_so	3	63	17,17	1	0.421875	0.578125	1.542969	0.066217	0.086735	0.108880	0.082197	1.950902	0.000000	0.000000
s0_so	3	64	4,9	1	0.156250	0.843750	2.277344	0.023773	0.018797	0.057626	0.086702	0.955257	0.000000	0.000000
s0_so	3	65	17,9	0	0.156250	0.843750	2.277344	0.023773	0.018797	0.057626	0.086702	1.404018	0.000000	0.000000
s0_so	3	66	5,2	1	0.105469	0.894531	3.164062	0.007202	0.005846	0.014750	0.047422	3.543760	0.000000	0.000000
s0_so	3	67	5,7	0	0.222656	0.777344	3.136719	0.010571	0.011912	0.043829	0.051841	2.483136	0.000000	0.000000
s0_so	3	68	5,13	1	0.105469	0.894531	3.117188	0.005536	0.003072	0.055627	0.059024	1.982519	0.000000	0.000000
s0_so	3	69	5,14	1	0.222656	0.777344	2.585938	0.022009	0.030549	0.057818	0.046286	2.805089	0.000000	0.000000
s0_so	3	70	10,2	1	0.105469	0.894531	3.234375	0.006367	0.003979	0.009221	0.055320	3.675918	0.000000	0.000000
s0_so	3	71	10,7	0	0.222656	0.777344	2.972656	0.013950	0.012105	0.040771	0.050728	2.615294	0.000000	0.000000
s0_so	3	72	10,13	1	0.105469	0.894531	3.214844	0.004722	0.001705	0.026112	0.069409	2.114677	0.000000	0.000000
s0_so	3	73	10,14	1	0.222656	0.777344	2.570312	0.048391	0.056458	0.054172	0.053486	2.937247	0.000000	0.000000
s0_so	3	74	5,4	1	0.062500	0.937500	2.507812	0.014692	0.013369	0.049357	0.052536	3.559321	0.000000	0.000000
s0_so	3	75	5,17	0	0.062500	0.937500	2.507812	0.014692	0.013369	0.049357	0.052536	4.210531	0.000000	0.000000
s0_so	3	76	10,4	1	0.062500	0.937500	2.949219	0.007276	0.004296	0.024739	0.055471	3.691479	0.000000	0.000000
s0_so	3	77	10,17	0	0.062500	0.937500	2.949219	0.007276	0.004296	0.024739	0.055471	4.342689	0.000000	0.000000
s0_so	3	78	5,15	0	0.000000	1.000000	2.667969	0.008561	0.007743	0.063176	0.049069	2.814169	0.000000	0.000000
s0_so	3	79	10,15	0	0.000000	1.000000	2.804688	0.014008	0.010668	0.045826	0.056924	2.946328	0.000000	0.000000
s0_so	4	0	2,2	0	0.195312	0.804688	3.203125	0.077135	0.110688	0.016891	0.023156	0.500257	0.000000	0.000000
s0_so	4	1	2,3	0	0.195312	0.804688	2.812500	0.040170	0.052208	0.022895	0.024923	-0.098866	0.000000	0.000000
s0_so	4	2	2,58	0	0.195312	0.804688	2.898438	0.056147	0.060290	0.042220	0.041934	1.035420	0.000000	0.000000
s0_so	4	3	2,59	0	0.195312	0.804688	1.968750	0.040058	0.048405	0.053245	0.044212	0.436296	0.000000	0.000000
s0_so	4	4	3,2	0	0.195312	0.804688	2.972656	0.075084	0.118629	0.024588	0.028969	-0.047805	0.000000	0.000000
s0_so	4	5	3,3	0	0.195312	0.804688	2.589844	0.070488	0.127942	0.037226	0.033658	-0.646928	0.000000	0.000000
s0_so	4	6	3,58	0	0.195312	0.804688	2.667969	0.053382	0.057623	0.043913	0.049200	0.487358	0.000000	0.000000
s0_so	4	7	3,59	0	0.195312	0.804688	1.753906	0.070812	0.106204	0.085473	0.055367	-0.111766	0.000000	0.000000
s0_so	4	8	58,2	0	0.195312	0.804688	3.148438	0.086260	0.149785	0.025704	0.033002	0.727914	0.000000	0.000000
s0_so	4	9	58,3	0	0.195312	0.804688	2.757812	0.014730	0.016113	0.028858	0.035460	0.128790	0.000000	0.000000
s0_so	4	10	58,58	0	0.195312	0.804688	3.238281	0.091029	0.148225	0.104614	0.062014	1.263076	0.000000	0.000000
s0_so	4	11	58,59	0	0.195312	0.804688	1.968750	0.058284	0.092328	0.115300	0.064969	0.663953	0.000000	0.000000
s0_so	4	12	59,2	0	0.195312	0.804688	2.375000	0.117838	0.196338	0.037109	0.036187	0.179852	0.000000	0.000000
s0_so	4	13	59,3	0	0.195312	0.804688	1.992188	0.029045	0.041111	0.033970	0.041550	-0.419272	0.000000	0.000000
s0_so	4	14	59,58	0	0.195312	0.804688	2.457031	0.129934	0.203346	0.096751	0.064687	0.715014	0.000000	0.000000
s0_so	4	15	59,59	0	0.195312	0.804688	1.246094	0.111026	0.168627	0.128246	0.071611	0.115891	0.000000	0.000000
s0_so	4	16	2,60	0	0.597656	0.402344	1.503906	0.073940	0.106903	0.075926	0.050966	-0.375498	0.000000	0.000000
s0_so	4	17	2,61	0	0.597656	0.402344	1.503906	0.073940	0.106903	0.075926	0.050966	0.150346	0.000000	0.000000
s0_so	4	18	2,62	0	0.597656	0.402344	1.503906	0.073940	0.106903	0.075926	0.050966	-0.073917	0.000000	0.000000
s0_so	4	19	2,63	0	0.597656	0.402344	1.503906	0.073940	0.106903	0.075926	0.050966	0.451926	0.000000	0.000000
s0_so	4	20	3,60	0	0.597656	0.402344	1.300781	0.117782	0.188939	0.075332	0.059329	-0.923560	0.000000	0.000000
s0_so	4	21	3,61	0	0.597656	0.402344	1.300781	0.117782	0.188939	0.075332	0.059329	-0.397716	0.000000	0.000000
s0_so	4	22	3,62	0	0.597656	0.402344	1.300781	0.117782	0.188939	0.075332	0.059329	-0.621979	0.000000	0.000000
s0_so	4	23	3,63	0	0.597656	0.402344	1.300781	0.117782	0.188939	0.075332	0.059329	-0.096136	0.000000	0.000000
s0_so	4	24	58,60	0	0.597656	0.402344	1.546875	0.106785	0.167584	0.150151	0.075770	-0.147841	0.000000	0.000000
s0_so	4	25	58,61	0	0.597656	0.402344	1.546875	0.106785	0.167584	0.150151	0.075770	0.378002	0.000000	0.000000
s0_so	4	26	58,62	0	0.597656	0.402344	1.546875	0.106785	0.167584	0.150151	0.075770	0.153739	0.000000	0.000000
s0_so	4	27	58,63	0	0.597656	0.402344	1.546875	0.106785	0.167584	0.150151	0.075770	0.679583	0.000000	0.000000
s0_so	4	28	59,60	0	0.597656	0.402344	0.855469	0.159083	0.243929	0.144326	0.078600	-0.695903	0.000000	0.000000
s0_so	4	29	59,61	0	0.597656	0.402344	0.855469	0.159083	0.243929	0.144326	0.078600	-0.170060	0.000000	0.000000
s0_so	4	30	59,62	0	0.597656	0.402344	0.855469	0.159083	0.243929	0.144326	0.078600	-0.394323	0.000000	0.000000
s0_so	4	31	59,63	0	0.597656	0.402344	0.855469	0.159083	0.243929	0.144326	0.078600	0.131521	0.000000	0.000000
s0_so	4	32	7,46	0	0.085938	0.914062	3.992188	0.041236	0.061018	0.078473	0.038148	3.026897	0.000000	0.000000
s0_so	4	33	7,49	0	0.085938	0.914062	4.386719	0.026362	0.031968	0.112599	0.034355	1.620084	0.000000	0.000000
s0_so	4	34	7,69	0	0.085938	0.914062	3.992188	0.037482	0.058431	0.105618	0.039027	2.891277	0.000000	0.000000
s0_so	4	35	7,73	0	0.085938	0.914062	3.695312	0.040441	0.061180	0.078509	0.025946	2.777428	0.000000	0.000000
s0_so	4	36	11,46	0	0.085938	0.914062	3.632812	0.031941	0.043458	0.059296	0.033095	1.194111	0.000000	0.000000
s0_so	4	37	11,49	0	0.085938	0.914062	4.027344	0.014111	0.016549	0.070981	0.028583	-0.212701	0.000000	0.000000
s0_so	4	38	11,69	1	0.085938	0.914062	3.980469	0.012935	0.017805	0.064812	0.029579	1.058492	0.000000	0.000000
s0_so	4	39	11,73	1	0.085938	0.914062	3.679688	0.014433	0.020522	0.043127	0.021683	0.944643	0.000000	0.000000
s0_so	4	40	15,46	0	0.085938	0.914062	3.839844	0.018479	0.022797	0.057050	0.031204	3.186790	0.000000	0.000000
s0_so	4	41	15,49	0	0.085938	0.914062	4.234375	0.010899	0.011968	0.121548	0.027727	1.779977	0.000000	0.000000
s0_so	4	42	15,69	0	0.085938	0.914062	4.136719	0.014584	0.020503	0.088528	0.027800	3.051170	0.000000	0.000000
s0_so	4	43	15,73	0	0.085938	0.914062	3.832031	0.014962	0.019015	0.061530	0.020143	2.937321	0.000000	0.000000
s0_so	4	44	19,46	0	0.085938	0.914062	3.421875	0.034104	0.043434	0.038497	0.028464	1.354004	0.000000	0.000000
s0_so	4	45	19,49	0	0.085938	0.914062	3.816406	0.018956	0.023418	0.066342	0.024232	-0.052809	0.000000	0.000000
s0_so	4	46	19,69	1	0.085938	0.914062	3.679688	0.007176	0.008163	0.062101	0.021634	1.218385	0.000000	0.000000
s0_so	4	47	19,73	1	0.085938	0.914062	3.375000	0.007229	0.007138	0.041173	0.017628	1.104535	0.000000	0.000000
s0_so	4	48	46,74	0	0.441406	0.558594	2.500000	0.069868	0.104643	0.068443	0.037596	2.364473	0.000000	0.000000
s0_so	4	49	46,75	0	0.441406	0.558594	2.500000	0.069868	0.104643	0.068443	0.037596	2.890316	0.000000	0.000000
s0_so	4	50	46,76	0	0.441406	0.558594	2.398438	0.090416	0.145191	0.072837	0.033482	2.250623	0.000000	0.000000
s0_so	4	51	46,77	0	0.441406	0.558594	2.398438	0.090416	0.145191	0.072837	0.033482	2.776467	0.000000	0.000000
s0_so	4	52	49,74	0	0.441406	0.558594	2.558594	0.047271	0.075746	0.024187	0.042314	1.024250	0.000000	0.000000
s0_so	4	53	49,75	0	0.441406	0.558594	2.558594	0.047271	0.075746	0.024187	0.042314	1.550093	0.000000	0.000000
s0_so	4	54	49,76	0	0.441406	0.558594	2.457031	0.050126	0.088068	0.019472	0.038922	0.910401	0.000000	0.000000
s0_so	4	55	49,77	0	0.441406	0.558594	2.457031	0.050126	0.088068	0.019472	0.038922	1.436244	0.000000	0.000000
s0_so	4	56	69,74	1	0.441406	0.558594	2.628906	0.036321	0.057597	0.090082	0.052532	2.054468	0.000000	0.000000
s0_so	4	57	69,75	0	0.441406	0.558594	2.628906	0.036321	0.057597	0.090082	0.052532	2.580311	0.000000	0.000000
s0_so	4	58	69,76	1	0.441406	0.558594	2.519531	0.039451	0.071396	0.088182	0.038513	1.940618	0.000000	0.000000
s0_so	4	59	69,77	0	0.441406	0.558594	2.519531	0.039451	0.071396	0.088182	0.038513	2.466462	0.000000	0.000000
s0_so	4	60	73,74	1	0.441406	0.558594	2.414062	0.054430	0.078701	0.063073	0.045629	2.016839	0.000000	0.000000
s0_so	4	61	73,75	0	0.441406	0.558594	2.414062	0.054430	0.078701	0.063073	0.045629	2.542682	0.000000	0.000000
s0_so	4	62	73,76	1	0.441406	0.558594	2.414062	0.076044	0.128435	0.063624	0.037039	1.902989	0.000000	0.000000
s0_so	4	63	73,77	0	0.441406	0.558594	2.414062	0.076044	0.128435	0.063624	0.037039	2.428833	0.000000	0.000000
s0_so	4	64	29,60	0	0.050781	0.949219	3.406250	0.015567	0.015284	0.108222	0.059361	0.887514	0.000000	0.000000
s0_so	4	65	29,61	0	0.050781	0.949219	3.406250	0.015567	0.015284	0.108222	0.059361	1.413357	0.000000	0.000000
s0_so	4	66	29,62	0	0.050781	0.949219	3.406250	0.015567	0.015284	0.108222	0.059361	1.189094	0.000000	0.000000
s0_so	4	67	29,63	0	0.050781	0.949219	3.406250	0.015567	0.015284	0.108222	0.059361	1.714938	0.000000	0.000000
s0_so	4	68	33,60	0	0.050781	0.949219	3.300781	0.013029	0.015030	0.034639	0.068945	-0.329963	0.000000	0.000000
s0_so	4	69	33,61	0	0.050781	0.949219	3.300781	0.013029	0.015030	0.034639	0.068945	0.195881	0.000000	0.000000
s0_so	4	70	33,62	0	0.050781	0.949219	3.300781	0.013029	0.015030	0.034639	0.068945	-0.028382	0.000000	0.000000
s0_so	4	71	33,63	0	0.050781	0.949219	3.300781	0.013029	0.015030	0.034639	0.068945	0.497461	0.000000	0.000000
s0_so	4	72	35,60	0	0.050781	0.949219	2.394531	0.024458	0.025770	0.023274	0.058316	-0.595730	0.000000	0.000000
s0_so	4	73	35,61	0	0.050781	0.949219	2.394531	0.024458	0.025770	0.023274	0.058316	-0.069887	0.000000	0.000000
s0_so	4	74	35,62	0	0.050781	0.949219	2.394531	0.024458	0.025770	0.023274	0.058316	-0.294149	0.000000	0.000000
s0_so	4	75	35,63	0	0.050781	0.949219	2.394531	0.024458	0.025770	0.023274	0.058316	0.231694	0.000000	0.000000
s0_so	4	76	66,60	0	0.050781	0.949219	3.906250	0.007389	0.005320	0.019085	0.055790	0.397673	0.000000	0.000000
s0_so	4	77	66,61	0	0.050781	0.949219	3.906250	0.007389	0.005320	0.019085	0.055790	0.923517	0.000000	0.000000
s0_so	4	78	66,62	0	0.050781	0.949219	3.906250	0.007389	0.005320	0.019085	0.055790	0.699254	0.000000	0.000000
s0_so	4	79	66,63	1	0.050781	0.949219	3.906250	0.007389	0.005320	0.019085	0.055790	1.225097	0.000000	0.000000
s0_so	4	80	60,2	0	0.457031	0.542969	2.046875	0.083777	0.124583	0.048376	0.042320	0.384975	0.000000	0.000000
s0_so	4	81	60,3	0	0.457031	0.542969	1.683594	0.024366	0.032187	0.051685	0.046278	-0.214148	0.000000	0.000000
s0_so	4	82	60,58	0	0.457031	0.542969	2.132812	0.101637	0.142411	0.105590	0.077536	0.920138	0.000000	0.000000
s0_so	4	83	60,59	0	0.457031	0.542969	0.937500	0.117894	0.187500	0.145410	0.082418	0.321014	0.000000	0.000000
s0_so	4	84	61,2	0	0.457031	0.542969	2.046875	0.083777	0.124583	0.048376	0.042320	0.637427	0.000000	0.000000
s0_so	4	85	61,3	0	0.457031	0.542969	1.683594	0.024366	0.032187	0.051685	0.046278	0.038304	0.000000	0.000000
s0_so	4	86	61,58	0	0.457031	0.542969	2.132812	0.101637	0.142411	0.105590	0.077536	1.172590	0.000000	0.000000
s0_so	4	87	61,59	0	0.457031	0.542969	0.937500	0.117894	0.187500	0.145410	0.082418	0.573467	0.000000	0.000000
s0_so	4	88	62,2	0	0.457031	0.542969	2.046875	0.083777	0.124583	0.048376	0.042320	0.666699	0.000000	0.000000
s0_so	4	89	62,3	0	0.457031	0.542969	1.683594	0.024366	0.032187	0.051685	0.046278	0.067576	0.000000	0.000000
s0_so	4	90	62,58	0	0.457031	0.542969	2.132812	0.101637	0.142411	0.105590	0.077536	1.201862	0.000000	0.000000
s0_so	4	91	62,59	0	0.457031	0.542969	0.937500	0.117894	0.187500	0.145410	0.082418	0.602738	0.000000	0.000000
s0_so	4	92	63,2	0	0.457031	0.542969	2.046875	0.083777	0.124583	0.048376	0.042320	0.919151	0.000000	0.000000
s0_so	4	93	63,3	0	0.457031	0.542969	1.683594	0.024366	0.032187	0.051685	0.046278	0.320028	0.000000	0.000000
s0_so	4	94	63,58	0	0.457031	0.542969	2.132812	0.101637	0.142411	0.105590	0.077536	1.454314	0.000000	0.000000
s0_so	4	95	63,59	0	0.457031	0.542969	0.937500	0.117894	0.187500	0.145410	0.082418	0.855191	0.000000	0.000000
s0_so	4	96	60,29	0	0.031250	0.968750	3.636719	0.015621	0.020145	0.061717	0.055032	1.550699	0.000000	0.000000
s0_so	4	97	60,33	0	0.031250	0.968750	3.707031	0.034780	0.060730	0.087483	0.047156	0.614256	0.000000	0.000000
s0_so	4	98	60,35	0	0.031250	0.968750	2.410156	0.060500	0.114610	0.067735	0.025293	-0.432061	0.000000	0.000000
s0_so	4	99	60,66	0	0.031250	0.968750	4.574219	0.011334	0.012166	0.056757	0.060255	1.428579	0.000000	0.000000
s0_so	4	100	61,29	0	0.031250	0.968750	3.636719	0.015621	0.020145	0.061717	0.055032	1.803151	0.000000	0.000000
s0_so	4	101	61,33	0	0.031250	0.968750	3.707031	0.034780	0.060730	0.087483	0.047156	0.866709	0.000000	0.000000
s0_so	4	102	61,35	0	0.031250	0.968750	2.410156	0.060500	0.114610	0.067735	0.025293	-0.179608	0.000000	0.000000
s0_so	4	103	61,66	0	0.031250	0.968750	4.574219	0.011334	0.012166	0.056757	0.060255	1.681031	0.000000	0.000000
s0_so	4	104	62,29	0	0.031250	0.968750	3.636719	0.015621	0.020145	0.061717	0.055032	1.832422	0.000000	0.000000
s0_so	4	105	62,33	0	0.031250	0.968750	3.707031	0.034780	0.060730	0.087483	0.047156	0.895980	0.000000	0.000000
s0_so	4	106	62,35	0	0.031250	0.968750	2.410156	0.060500	0.114610	0.067735	0.025293	-0.150337	0.000000	0.000000
s0_so	4	107	62,66	0	0.031250	0.968750	4.574219	0.011334	0.012166	0.056757	0.060255	1.710303	0.000000	0.000000
s0_so	4	108	63,29	0	0.031250	0.968750	3.636719	0.015621	0.020145	0.061717	0.055032	2.084875	0.000000	0.000000
s0_so	4	109	63,33	0	0.031250	0.968750	3.707031	0.034780	0.060730	0.087483	0.047156	1.148432	0.000000	0.000000
s0_so	4	110	63,35	0	0.031250	0.968750	2.410156	0.060500	0.114610	0.067735	0.025293	0.102115	0.000000	0.000000
s0_so	4	111	63,66	1	0.031250	0.968750	4.574219	0.011334	0.012166	0.056757	0.060255	1.962755	0.000000	0.000000
s0_so	4	112	60,60	0	0.851562	0.148438	0.566406	0.147493	0.236327	0.185738	0.093675	-0.490780	0.000000	0.000000
s0_so	4	113	60,61	0	0.851562	0.148438	0.566406	0.147493	0.236327	0.185738	0.093675	0.035064	0.000000	0.000000
s0_so	4	114	60,62	0	0.851562	0.148438	0.566406	0.147493	0.236327	0.185738	0.093675	-0.189199	0.000000	0.000000
s0_so	4	115	60,63	0	0.851562	0.148438	0.566406	0.147493	0.236327	0.185738	0.093675	0.336644	0.000000	0.000000
s0_so	4	116	61,60	0	0.851562	0.148438	0.566406	0.147493	0.236327	0.185738	0.093675	-0.238328	0.000000	0.000000
s0_so	4	117	61,61	0	0.851562	0.148438	0.566406	0.147493	0.236327	0.185738	0.093675	0.287516	0.000000	0.000000
s0_so	4	118	61,62	0	0.851562	0.148438	0.566406	0.147493	0.236327	0.185738	0.093675	0.063253	0.000000	0.000000
s0_so	4	119	61,63	0	0.851562	0.148438	0.566406	0.147493	0.236327	0.185738	0.093675	0.589097	0.000000	0.000000
s0_so	4	120	62,60	0	0.851562	0.148438	0.566406	0.147493	0.236327	0.185738	0.093675	-0.209056	0.000000	0.000000
s0_so	4	121	62,61	0	0.851562	0.148438	0.566406	0.147493	0.236327	0.185738	0.093675	0.316788	0.000000	0.000000
s0_so	4	122	62,62	0	0.851562	0.148438	0.566406	0.147493	0.236327	0.185738	0.093675	0.092525	0.000000	0.000000
s0_so	4	123	62,63	0	0.851562	0.148438	0.566406	0.147493	0.236327	0.185738	0.093675	0.618368	0.000000	0.000000
s0_so	4	124	63,60	0	0.851562	0.148438	0.566406	0.147493	0.236327	0.185738	0.093675	0.043396	0.000000	0.000000
s0_so	4	125	63,61	0	0.851562	0.148438	0.566406	0.147493	0.236327	0.185738	0.093675	0.569240	0.000000	0.000000
s0_so	4	126	63,62	0	0.851562	0.148438	0.566406	0.147493	0.236327	0.185738	0.093675	0.344977	0.000000	0.000000
s0_so	4	127	63,63	1	0.851562	0.148438	0.566406	0.147493	0.236327	0.185738	0.093675	0.870820	0.000000	0.000000
s0_so	4	128	60,64	0	0.441406	0.558594	1.062500	0.156523	0.194961	0.162607	0.072272	0.152834	0.000000	0.000000
s0_so	4	129	60,65	0	0.441406	0.558594	1.062500	0.156523	0.194961	0.162607	0.072272	0.454415	0.000000	0.000000
s0_so	4	130	61,64	0	0.441406	0.558594	1.062500	0.156523	0.194961	0.162607	0.072272	0.405286	0.000000	0.000000
s0_so	4	131	61,65	0	0.441406	0.558594	1.062500	0.156523	0.194961	0.162607	0.072272	0.706867	0.000000	0.000000
s0_so	4	132	62,64	0	0.441406	0.558594	1.062500	0.156523	0.194961	0.162607	0.072272	0.434558	0.000000	0.000000
s0_so	4	133	62,65	0	0.441406	0.558594	1.062500	0.156523	0.194961	0.162607	0.072272	0.736139	0.000000	0.000000
s0_so	4	134	63,64	1	0.441406	0.558594	1.062500	0.156523	0.194961	0.162607	0.072272	0.687010	0.000000	0.000000
s0_so	4	135	63,65	0	0.441406	0.558594	1.062500	0.156523	0.194961	0.162607	0.072272	0.988591	0.000000	0.000000
s0_so	4	136	74,46	0	0.062500	0.937500	3.769531	0.009082	0.008657	0.056175	0.034482	2.796533	0.000000	0.000000
s0_so	4	137	74,49	0	0.062500	0.937500	4.335938	0.011405	0.009207	0.080351	0.030866	1.389721	0.000000	0.000000
s0_so	4	138	74,69	1	0.062500	0.937500	3.769531	0.033654	0.043554	0.059685	0.033939	2.660914	0.000000	0.000000
s0_so	4	139	74,73	1	0.062500	0.937500	3.468750	0.032909	0.045991	0.045743	0.023188	2.547065	0.000000	0.000000
s0_so	4	140	75,46	0	0.062500	0.937500	3.769531	0.009082	0.008657	0.056175	0.034482	3.048985	0.000000	0.000000
s0_so	4	141	75,49	0	0.062500	0.937500	4.335938	0.011405	0.009207	0.080351	0.030866	1.642173	0.000000	0.000000
s0_so	4	142	75,69	0	0.062500	0.937500	3.769531	0.033654	0.043554	0.059685	0.033939	2.913366	0.000000	0.000000
s0_so	4	143	75,73	0	0.062500	0.937500	3.468750	0.032909	0.045991	0.045743	0.023188	2.799517	0.000000	0.000000
s0_so	4	144	76,46	0	0.062500	0.937500	4.070312	0.005303	0.003180	0.031082	0.033223	2.758904	0.000000	0.000000
s0_so	4	145	76,49	0	0.062500	0.937500	4.644531	0.009143	0.006191	0.055029	0.028413	1.352091	0.000000	0.000000
s0_so	4	146	76,69	1	0.062500	0.937500	4.320312	0.013405	0.013274	0.048817	0.027734	2.623285	0.000000	0.000000
s0_so	4	147	76,73	1	0.062500	0.937500	4.007812	0.015387	0.017078	0.036753	0.020516	2.509435	0.000000	0.000000
s0_so	4	148	77,46	0	0.062500	0.937500	4.070312	0.005303	0.003180	0.031082	0.033223	3.011356	0.000000	0.000000
s0_so	4	149	77,49	0	0.062500	0.937500	4.644531	0.009143	0.006191	0.055029	0.028413	1.604543	0.000000	0.000000
s0_so	4	150	77,69	0	0.062500	0.937500	4.320312	0.013405	0.013274	0.048817	0.027734	2.875737	0.000000	0.000000
s0_so	4	151	77,73	0	0.062500	0.937500	4.007812	0.015387	0.017078	0.036753	0.020516	2.761887	0.000000	0.000000
